{"Result":[{"Inferred Activity":"AppearVideoPerson\nClapping\nActivity\nGatheringPeople\nWeddingProcession","Input Shot":"shot01","Candidate Event":"Wedding ","Recognized Triples":"<Shot00000000> <hasVisual> <flower01> .\n<Shot00000000> <hasVisual> <person01> .\n<Shot00000000> <hasVisual> <person02> .\n<Shot00000000> <hasAural> <clap01> .\n<flower01> <type> <Flower> .\n<person02> <type> <Person> .\n<person01> <type> <Person> .\n<clap01> <type> <ClappingAudio> .\n<Shot00000000> <hasElement> <Element00011004> .\n<Shot00000000> <hasElement> <Element00011005> .\n<Shot00000000> <hasWhatObject> <flower01> .\n<Shot00000000> <hasWho> <person02> .\n<Shot00000000> <hasElement> <Element00011006> .\n<Shot00000000> <hasWhatBehavior> <marching01> .\n<Shot00000000> <hasWhere> <wedding_hall01> .\n<Shot00000000> <hasLocation> <wedding_hall01> .\n<Shot00000000> <type> <Shot> .\n","Matched Rule":["WeddingProcession"],"Matched Event":""},{"Inferred Activity":"AppearVideoPerson\nActivity\nWeddingMarch","Input Shot":"shot02","Candidate Event":"Wedding ","Recognized Triples":"<Shot00000001> <hasVisual> <person03> .\n<Shot00000001> <hasAural> <fanfare01> .\n<person03> <type> <Person> .\n<fanfare01> <type> <FanfareAudio> .\n<Shot00000001> <hasWho> <person01> .\n<Shot00000001> <hasLocation> <wedding_hall01> .\n<Shot00000001> <hasElement> <Element00011007> .\n<Shot00000001> <type> <Shot> .\n<Shot00000001> <hasWhere> <wedding_hall01> .\n<Shot00000001> <hasWhatBehavior> <pose01> .\n","Matched Rule":["WeddingProcession"],"Matched Event":"Wedding "}]}