{"Result":[{"Inferred Activity":"Activity\nPlayingBicycle","Input Shot":"\/var\/packages\/Tomcat7\/target\/src\/webapps\/mediaOntology\/MediaData\/InstanceFiles\/BIC_001\/shot00","Matched Event":"자전거_묘기 ","Matched Rule":["PlayingBicycle"],"Candidate Event":"자전거_묘기 ","Recognized Triples":"<Shot00000000> <hasActivity> <playingBicycle> .\n<Shot00000000> <hasWho> <bicycle01> .\n<Shot00000000> <hasWhatBehavior> <jump01> .\n<Shot00000000> <hasWhatObject> <bicycle02> .\n<Shot00000000> <hasWhere> <road01> .\n<Shot00000000> <hasWhen> <afternoon> .\n<Shot00000000> <hasElement> <Element00000000> .\n<Shot00000000> <hasVisual> <bicycle01> .\n<Shot00000000> <hasVisual> <bicycle02> .\n<Shot00000000> <hasLocation> <road01> .\n<Shot00000000> <hasAural> <music01> .\n<playingBicycle> <type> <PlayingBicycle> .\n<bicycle01> <type> <Bicycle> .\n<bicycle02> <type> <Bicycle> .\n<Shot00000000> <type> <Shot> .\n<jump01> <type> <Jump> \n"},{"Inferred Activity":"Activity\nPlayingBicycle","Input Shot":"\/var\/packages\/Tomcat7\/target\/src\/webapps\/mediaOntology\/MediaData\/InstanceFiles\/BIC_001\/shot01","Matched Event":"자전거_묘기 ","Matched Rule":["PlayingBicycle"],"Candidate Event":"자전거_묘기 ","Recognized Triples":"<Shot00000001> <hasActivity> <playingBicycle> .\n<Shot00000001> <hasWho> <bicycle01> .\n<Shot00000001> <hasWhatBehavior> <lift01> .\n<Shot00000001> <hasWhatObject> <wheel01> .\n<Shot00000001> <hasWhere> <road01> .\n<Shot00000001> <hasWhen> <afternoon> .\n<Shot00000001> <hasElement> <Element00000001> .\n<Shot00000001> <hasVisual> <bicycle01> .\n<Shot00000001> <hasVisual> <wheel01> .\n<Shot00000001> <hasLocation> <road01> .\n<Shot00000001> <hasAural> <music02> .\n<bicycle01> <type> <Bicycle> .\n<Shot00000001> <type> <Shot> .\n<playingBicycle> <type> <PlayingBicycle> .\n<lift01> <type> <Lift> .\n<wheel01> <type> <Wheel> .\n"},{"Inferred Activity":"Activity\nPlayingBicycle","Input Shot":"\/var\/packages\/Tomcat7\/target\/src\/webapps\/mediaOntology\/MediaData\/InstanceFiles\/BIC_001\/shot02","Matched Event":"자전거_묘기 ","Matched Rule":["PlayingBicycle"],"Candidate Event":"자전거_묘기 ","Recognized Triples":"<Shot00000002> <hasActivity> <playingBicycle> .\n<Shot00000002> <hasWho> <bicycle01> .\n<Shot00000002> <hasWhatBehavior> <jump01> .\n<Shot00000002> <hasWhatObject> <bicycle02> .\n<Shot00000002> <hasWhere> <road01> .\n<Shot00000002> <hasWhen> <afternoon> .\n<Shot00000002> <hasElement> <Element00000000> .\n<Shot00000002> <hasVisual> <bicycle01> .\n<Shot00000002> <hasVisual> <bicycle02> .\n<Shot00000002> <hasLocation> <road01> .\n<Shot00000002> <hasAural> <music01> .\n<playingBicycle> <type> <PlayingBicycle> .\n<bicycle01> <type> <Bicycle> .\n<Shot00000002> <type> <Shot> .\n<jump01> <type> <Jump> .\n"}]}